{

  "test_roads": {
    "road": [
      [
        [-2.8, 0, 2.5],
        [-2.8, 0, 3.9]
      ], 
      [
      [-2.7, 0, 4],
      [-2.6, 0, 3.8],
      [-2.5, 0, 3.6],
      [-2.4, 0, 3.4],
      [-2.3, 0, 3.2],
      [-2.2, 0, 3],
      [-2.1, 0, 2.8],
      [-2, 0, 2.6]
      ]
    ],
    "objects": ["ff_f-66001"]
  }, 

  "Эскалатор 1": {
    "road": [
      [
      [-2.43, 0, 2.2],
      [-2.43, 0, 2.6],
      [-2.43, 0, 3],
      [-2.43, 0, 3.64],
      [-2.43, 0, 3.65],
      [-2.23, 0, 3.65]
      ],
      []
      ],
    "objects": [""]
  },

  "Эскалатор 2": {
    "road": [
      [-2.8, 0, 2.3],
      [-2.8, 0, -0.59],
      [-2.8, 0, -0.6],
      [-2.54, 0, -0.6],
      [-2.55, 0, -0.6],
      [-2.55, 0, -3.63],
      [-2.55, 0, -3.64],
      [-1.55, 0, -3.64],
      [-1, 0, -3.64],
      [-0.75, 0, -3.64]
      ],
    "objects": [""]
  },


  "Эскалатор 3": {
    "road": [
      [-2.8, 0, 2.5],
      [-2.8, 0, 3.49],
      [-2.8, 0, 3.5],
      [1, 0, 3.5],
      [1.4, 0, 3.3],
      [2.4, 0, 2.2],
      [2.42, 0, 1.2],
      [2.42, 0, -0.78],
      [2.42, 0, -0.79],
      [3.1, 0, -0.79]
      ],
    "objects": [""]
  },

  "0": {
    "road": [
      [
      [-2.43, 0, 2.2],
      [-2.43, 0, 3.09],
      [-2.43, 0, 3.1],
      [-1.61, 0, 3.1],
      [-1.6, 0, 3.1],
      [-1.6, 0, 2.6]
      ],
      []
    ], 
    "objects": ["ff_g-45001"]
  },

  "1": {
    "road": [
      [
      [-2.43, 0, 2.2],
      [-2.43, 0, 3.09],
      [-2.43, 0, 3.1],
      [-1.06, 0, 3.1],
      [-1.05, 0, 3.1],
      [-1.05, 0, 2.6]
      ],
      []
    ],
    "objects": ["ff_g-44001"]
  },

  "2": {
    "road": [
      [
      [-2.43, 0, 2.2],
      [-2.43, 0, 3.09],
      [-2.43, 0, 3.1],
      [-0.55, 0, 3.1],
      [-0.54, 0, 3.1],
      [-0.54, 0, 2.6]
      ],
      []
    ],
    "objects": ["ff_g-43001"]
  },

  "3": {
    "road": [
      [
      [-2.43, 0, 2.2],
      [-2.43, 0, 3.09],
      [-2.43, 0, 3.1],
      [-0.11, 0, 3.1],
      [-0.1, 0, 3.1],
      [-0.1, 0, 2.6]
      ],
      []
    ],
    "objects": ["ff_g-42001"]
  },

  "4": {
    "road": [
      [
      [-2.43, 0, 2.2],
      [-2.43, 0, 3.09],
      [-2.43, 0, 3.1],
      [0.39, 0, 3.1],
      [0.4, 0, 3.1],
      [0.4, 0, 2.6]
      ],
      []
    ],
    "objects": ["ff_g-41001"]
  },

  "5": {
    "road": [
      [
      [-2.43, 0, 2.2],
      [-2.43, 0, 3.09],
      [-2.43, 0, 3.1],
      [-0.3, 0, 3.6]
      ],
      []
    ],
    "objects": ["ff_g-ksk-15001"]
  },

  "6": {
    "road": [
      [
      [-2.43, 0, 2.2],
      [-2.43, 0, 3.09],
      [-2.43, 0, 3.1],
      [0.99, 0, 3.1],
      [1, 0, 3.1],
      [1, 0, 2.6]
      ],
      []
    ],
    "objects": ["ff_g-40001"]
  },

  "7": {
    "road": [
      [
      [-2.43, 0, 2.2],
      [-2.43, 0, 3.09],
      [-2.43, 0, 3.1],
      [1.1, 0, 3.1]
      ],
      []
    ],
    "objects": ["ff_g-ksk-14001"]
  },

  "8": {
    "road": [
      [
      [-2.43, 0, 2.2],
      [-2.43, 0, 3.09],
      [-2.43, 0, 3.1],
      [1.39, 0, 3.1],
      [1.4, 0, 3.1],
      [2.34, 0, 2.21],
      [2.35, 0, 2.2],
      [2.35, 0, 1.4]
      ],
      []
    ],
    "objects": ["ff_g-ksk-13001"]
  },

  "9": {
    "road": [
      [
      [-2.43, 0, 2.2],
      [-2.43, 0, 3.09],
      [-2.43, 0, 3.1],
      [1.39, 0, 3.1],
      [1.4, 0, 3.1],
      [2.34, 0, 2.21],
      [2.35, 0, 2.20],
      [3.1, 0, 2.20]
      ],
      []
    ],
    "objects": ["ff_g-35-36-37001"]
  },

  "10": {
    "road": [
      [
      [-2.43, 0, 2.2],
      [-2.43, 0, 3.09],
      [-2.43, 0, 3.1],
      [1.39, 0, 3.1],
      [1.4, 0, 3.1],
      [2.13, 0, 2.42],
      [2.13, 0, 2.41],
      [2.13, 0, 0.42],
      [2.14, 0, 0.41],
      [2.34, 0, 0.21]
      ],
      []
    ],
    "objects": ["ff_g-ksk-12001"]
  },

  "11": {
    "road": [
      [
      [-2.43, 0, 2.2],
      [-2.43, 0, 3.09],
      [-2.43, 0, 3.1],
      [1.39, 0, 3.1],
      [1.4, 0, 3.1],
      [2.13, 0, 2.42],
      [2.13, 0, 2.41],
      [2.13, 0, 0.43],
      [2.13, 0, 0.42],
      [1.8, 0, 0.42]
      ],
      []
    ],
    "objects": ["ff_g-60001", "ff_g-61001", "ff_g-62001", "ff_g-63001", "ff_g-64001"]
  },

  "12": {
    "road": [
      [
      [-2.43, 0, 2.2],
      [-2.43, 0, 3.09],
      [-2.43, 0, 3.1],
      [1.39, 0, 3.1],
      [1.4, 0, 3.1],
      [2.13, 0, 2.42],
      [2.13, 0, 2.41],
      [2.13, 0, -1.02],
      [2.13, 0, -1.03],
      [1.8, 0, -1.03]
      ],
      []
    ],
    "objects": ["ff_g-59001"]
  },

  "13": {
    "road": [
      [
      [-2.43, 0, 2.2],
      [-2.43, 0, 3.09],
      [-2.43, 0, 3.1],
      [1.39, 0, 3.1],
      [1.4, 0, 3.1],
      [2.13, 0, 2.42],
      [2.13, 0, 2.41],
      [2.13, 0, -0.72],
      [2.13, 0, -0.73],
      [2.93, 0, -1.63]
      ],
      []
    ],
    "objects": ["ff_g-34001"]
  },
  
  "14": {
    "road": [
      [
      [-2.43, 0, 2.2],
      [-2.43, 0, 3.09],
      [-2.43, 0, 3.1],
      [1.39, 0, 3.1],
      [1.4, 0, 3.1],
      [2.13, 0, 2.42],
      [2.13, 0, 2.41],
      [2.13, 0, -1.02],
      [2.13, 0, -1.42],
      [2.13, 0, -1.43],
      [2.3, 0, -1.43]
      ],
      []
    ],
    "objects": ["ff_g-ksk-11001"]
  },

  "15": {
    "road": [
      [
      [-2.43, 0, 2.2],
      [-2.43, 0, 2.5],
      [-2.43, 0, 2.8],
      [-2.43, 0, 3.09],
      [-2.43, 0, 3.1],
      [1.39, 0, 3.1],
      [1.4, 0, 3.1],
      [2.13, 0, 2.42],
      [2.13, 0, 2.41],
      [2.13, 0, -1.02],
      [2.13, 0, -1.82],
      [2.13, 0, -1.83],
      [2.3, 0, -1.83]
      ],
      []
    ],
    "objects": ["ff_g-ksk-10001"]
  },

  "16": {
    "road": [
      [
      [-2.43, 0, 2.2],
      [-2.43, 0, 3.09],
      [-2.43, 0, 3.1],
      [1.39, 0, 3.1],
      [1.4, 0, 3.1],
      [2.13, 0, 2.42],
      [2.13, 0, 2.41],
      [2.13, 0, -1.02],
      [2.13, 0, -2.32],
      [2.13, 0, -2.33],
      [2.3, 0, -2.33]
      ],
      []
    ],
    "objects": ["ff_g-ksk-9001"]
  },

  "17": {
    "road": [
      [
      [-2.43, 0, 2.2],
      [-2.43, 0, 3.09],
      [-2.43, 0, 3.1],
      [1.39, 0, 3.1],
      [1.4, 0, 3.1],
      [2.13, 0, 2.42],
      [2.13, 0, 2.41],
      [2.13, 0, -1.52],
      [2.13, 0, -1.53],
      [1.8, 0, -1.53]
      ],
      []
    ],
    "objects": ["ff_g-58001"]
  },

  "18": {
    "road": [
      [
      [-2.43, 0, 2.2],
      [-2.43, 0, 3.09],
      [-2.43, 0, 3.1],
      [1.39, 0, 3.1],
      [1.4, 0, 3.1],
      [2.13, 0, 2.42],
      [2.13, 0, 2.41],
      [2.13, 0, -2.02],
      [2.13, 0, -2.03],
      [1.8, 0, -2.03]
      ],
      []
    ],
    "objects": ["ff_g-57001"]
  },

  "19": {
    "road": [
      [
      [-2.43, 0, 2.2],
      [-2.43, 0, 3.39],
      [-2.43, 0, 3.4],
      [-3.41, 0, 3.4]
      ],
      []
    ],
    "objects": ["ff_g-01001", "ff_g-02_1001", "ff_g-02_2001"]
  },

  "20": {
    "road": [
      [
      [-2.43, 0, 2.2],
      [-2.43, 0, 2.53],
      [-2.43, 0, 2.54],
      [-4.38, 0, 2.54],
      [-4.39, 0, 2.54],
      [-4.39, 0, 2.24]
      ],
      []
    ],
    "objects": ["ff_g-06001"]
  },

  "21": {
    "road": [
      [
      [-2.43, 0, 2.2],
      [-2.43, 0, 2.53],
      [-2.43, 0, 2.54],
      [-5.98, 0, 2.54],
      [-5.99, 0, 2.54],
      [-5.99, 0, 2.24]
      ],
      []
    ],
    "objects": ["ff_g-04001"]
  },

  "22": {
    "road": [
      [
      [-2.43, 0, 2.2],
      [-2.43, 0, 2.53],
      [-2.43, 0, 2.54],
      [-4.98, 0, 2.54],
      [-4.99, 0, 2.54],
      [-4.99, 0, 3.04]
      ],
      []
    ],
    "objects": ["ff_g-03a001"]
  },

  "23": {
    "road": [
      [
      [-2.43, 0, 2.2],
      [-2.43, 0, 2.53],
      [-2.43, 0, 2.54],
      [-5.98, 0, 2.54],
      [-5.99, 0, 2.54],
      [-5.99, 0, 3.04]
      ],
      []
      ],
    "objects": ["ff_g-03001"]
  },

  "24": {
    "road": [
      [
      [-2.43, 0, 2],
      [-2.43, 0, 1.21],
      [-2.43, 0, 1.2],
      [-1.43, 0, 1.2]
      ],
      []
      ],
    "objects": ["ff_g-46001"]
  },

  "25": {
    "road": [
      [
      [-2.43, 0, 2],
      [-2.43, 0, 1.01],
      [-2.43, 0, 1],
      [-3.43, 0, 1]
      ],
      []
      ],
    "objects": ["ff_g-09a001"]
  },

  "26": {
    "road": [
      [
      [-2.43, 0, 2],
      [-2.43, 0, 0.15],
      [-2.43, 0, 0.14],
      [-4.09, 0, 0.14],
      [-4.1, 0, 0.14],
      [-4.1, 0, 0.74]
      ],
      []
      ],
    "objects": ["ff_g-08001"]
  },

  "27": {
    "road": [
      [
      [-2.43, 0, 2],
      [-2.43, 0, -0.21],
      [-2.43, 0, -0.22],
      [-1.43, 0, -0.22]
      ],
      []
      ],
    "objects": ["ff_g-47001", "ff_g-48001", "ff_g-49001"]
  },

  "28": {
    "road": [
      [
      [-2.43, 0, 2],
      [-2.43, 0, 0.15],
      [-2.43, 0, 0.14],
      [-4.6, 0, 0.14]
      ],
      []
      ],
    "objects": ["ff_g-10001"]
  },

  "29": {
    "road": [
      [
      [-2.43, 0, 2],
      [-2.43, 0, -0.31],
      [-2.43, 0, -0.32],
      [-3.43, 0, -0.32]
      ],
      []
      ],
    "objects": ["ff_g-11001", "ff_g-12001"]
  },

  "30": {
    "road": [
      [
      [-2.43, 0, 2],
      [-2.43, 0, 1.5],
      [-2.43, 0, 1],
      [-2.43, 0, -0.7]
      ],
      []
      ],
    "objects": ["ff_g-ksk-1001"]
  },

  "31": {
    "road": [
      [
      [-2.43, 0, 2],
      [-2.43, 0, -0.21],
      [-2.43, 0, -0.22],
      [-2.14, 0, -0.22],
      [-2.13, 0, -0.22],
      [-2.13, 0, -1.14],
      [-2.13, 0, -1.15],
      [-1.8, 0, -1.15]
      ],
      []
      ],
    "objects": ["ff_g-50001"]
  },

  "32": {
    "road": [
      [
      [-2.43, 0, 2],
      [-2.43, 0, -0.21],
      [-2.43, 0, -0.22],
      [-2.14, 0, -0.22],
      [-2.13, 0, -0.22],
      [-2.13, 0, -1.44],
      [-2.13, 0, -1.45],
      [-2.4, 0, -1.45]
      ],
      []
      ],
    "objects": ["ff_g-ksk-2001"]
  },

  "33": {
    "road": [
      [
      [-2.43, 0, 2],
      [-2.43, 0, -0.21],
      [-2.43, 0, -0.22],
      [-2.14, 0, -0.22],
      [-2.13, 0, -0.22],
      [-2.13, 0, -1.74],
      [-2.13, 0, -1.75],
      [-2.4, 0, -1.75]
      ],
      []
      ],
    "objects": ["ff_g-ksk-3001"]
  },

  "34": {
    "road": [
      [
      [-2.43, 0, 2],
      [-2.43, 0, -0.21],
      [-2.43, 0, -0.22],
      [-2.14, 0, -0.22],
      [-2.13, 0, -0.22],
      [-2.13, 0, -2.09],
      [-2.13, 0, -2.1],
      [-2.4, 0, -2.1]
      ],
      []
      ],
    "objects": ["ff_g-ksk-4001"]
  },

  "35": {
    "road": [
      [
      [-2.43, 0, 2],
      [-2.43, 0, -0.21],
      [-2.43, 0, -0.22],
      [-2.14, 0, -0.22],
      [-2.13, 0, -0.22],
      [-2.13, 0, -1.74],
      [-2.13, 0, -1.75],
      [-1.8, 0, -1.75]
      ],
      []
      ],
    "objects": ["ff_g-51001", "ff_g-52001"]
  },

  "36": {
    "road": [
      [
      [-2.43, 0, 2],
      [-2.43, 0, -0.31],
      [-2.43, 0, -0.32],
      [-2.73, 0, -0.32],
      [-2.74, 0, -0.32],
      [-2.74, 0, -2.39],
      [-2.74, 0, -2.4],
      [-4.5, 0, -2.4]
      ],
      []
      ],
    "objects": ["ff_lppstorage"]
  },

  "37": {
    "road": [
      [
      [-2.43, 0, 2],
      [-2.43, 0, -0.31],
      [-2.43, 0, -0.32],
      [-2.73, 0, -0.32],
      [-2.74, 0, -0.32],
      [-2.74, 0, -1.99],
      [-2.74, 0, -2.99],
      [-2.74, 0, -3],
      [-3.74, 0, -3]
      ],
      []
      ],
    "objects": ["ff_g-15001"]
  },

  "38": {
    "road": [
      [
      [-2.43, 0, 2],
      [-2.43, 0, -0.31],
      [-2.43, 0, -0.32],
      [-2.73, 0, -0.32],
      [-2.74, 0, -0.32],
      [-2.74, 0, -1.99],
      [-2.74, 0, -2.99],
      [-2.74, 0, -3],
      [-2.74, 0, -3.8]
      ],
      []
      ],
    "objects": ["ff_g-17001", "ff_g-16_1001", "ff_g-16_2001"]
  },

  "39": {
    "road": [
      [
      [-2.43, 0, 2],
      [-2.43, 0, -0.31],
      [-2.43, 0, -0.32],
      [-2.73, 0, -0.32],
      [-2.74, 0, -0.32],
      [-2.74, 0, -1.99],
      [-2.74, 0, -2.99],
      [-2.74, 0, -3],
      [-2.74, 0, -3.29],
      [-2.74, 0, -3.3],
      [-2.54, 0, -3.6],
      [-2.24, 0, -4]
      ],
      []
      ],
    "objects": ["ff_g-18001"]
  },

  "40": {
    "road": [
      [
      [-2.43, 0, 2],
      [-2.43, 0, -0.31],
      [-2.43, 0, -0.32],
      [-2.73, 0, -0.32],
      [-2.74, 0, -0.32],
      [-2.74, 0, -1.99],
      [-2.74, 0, -2],
      [-2.74, 0, -2.74],
      [-2.74, 0, -2.75],
      [0.29, 0, -2.75],
      [0.3, 0, -2.75],
      [0.3, 0, -3.1]
        ],
      []
      ],
    "objects": ["ff_g-ksk-5001"]
  },

  "41": {
    "road": [
      [
      [-2.43, 0, 2],
      [-2.43, 0, -0.31],
      [-2.43, 0, -0.32],
      [-2.73, 0, -0.32],
      [-2.74, 0, -0.32],
      [-2.74, 0, -1.99],
      [-2.74, 0, -2],
      [-2.74, 0, -2.74],
      [-2.74, 0, -2.75],
      [-0.91, 0, -2.75],
      [-0.9, 0, -2.75],
      [-0.9, 0, -3.46],     
      [-0.9, 0, -3.47],
      [0.09, 0, -3.47],      
      [0.1, 0, -3.47],     
      [0.1, 0, -3.87]      
      ],
      []
      ],
    "objects": ["ff_g-21001"]
  },

  "42": {
    "road": [
      [
      [-2.43, 0, 2],
      [-2.43, 0, -0.31],
      [-2.43, 0, -0.32],
      [-2.73, 0, -0.32],
      [-2.74, 0, -0.32],
      [-2.74, 0, -1.99],
      [-2.74, 0, -2],
      [-2.74, 0, -2.74],
      [-2.74, 0, -2.75],
      [-0.91, 0, -2.75],
      [-0.9, 0, -2.75],
      [-0.9, 0, -3.46],     
      [-0.9, 0, -3.47],
      [0.89, 0, -3.47],      
      [0.9, 0, -3.47],     
      [0.9, 0, -3.87]      
      ],
      []
      ],
    "objects": ["ff_g-22001", "ff_g-23001"]
  },

  "43": {
    "road": [
      [
      [-2.43, 0, 2],
      [-2.43, 0, -0.31],
      [-2.43, 0, -0.32],
      [-2.73, 0, -0.32],
      [-2.74, 0, -0.32],
      [-2.74, 0, -1.99],
      [-2.74, 0, -2],
      [-2.74, 0, -2.74],
      [-2.74, 0, -2.75],
      [1.54, 0, -2.75],
      [1.55, 0, -2.75],
      [1.55, 0, -3.06],     
      [1.55, 0, -3.07]
      ],
      []
      ],
    "objects": ["ff_g-ksk-6001"]
  },

  "44": {
    "road": [
      [
      [-2.43, 0, 2],
      [-2.43, 0, -0.31],
      [-2.43, 0, -0.32],
      [-2.73, 0, -0.32],
      [-2.74, 0, -0.32],
      [-2.74, 0, -1.99],
      [-2.74, 0, -2],
      [-2.74, 0, -2.74],
      [-2.74, 0, -2.75],
      [2.36, 0, -2.75],
      [2.37, 0, -2.75],     
      [2.37, 0, -3.37]
      ],
      []
      ],
    "objects": ["ff_g-ksk-7001"]
  },

  "45": {
    "road": [
      [
      [-2.43, 0, 2],
      [-2.43, 0, -0.31],
      [-2.43, 0, -0.32],
      [-2.73, 0, -0.32],
      [-2.74, 0, -0.32],
      [-2.74, 0, -1.99],
      [-2.74, 0, -2],
      [-2.74, 0, -2.74],
      [-2.74, 0, -2.75],
      [2.06, 0, -2.75],
      [2.07, 0, -2.75],
      [2.07, 0, -3.79],
      [2.07, 0, -3.8],
      [2.37, 0, -3.8]
      ],
      []
      ],
    "objects": ["ff_g-ksk-8001"]
  },

  "46": {
    "road": [
      [
      [-2.43, 0, 2],
      [-2.43, 0, -0.31],
      [-2.43, 0, -0.32],
      [-2.73, 0, -0.32],
      [-2.74, 0, -0.32],
      [-2.74, 0, -1.99],
      [-2.74, 0, -2],
      [-2.74, 0, -2.74],
      [-2.74, 0, -2.75],
      [2.06, 0, -2.75],
      [2.07, 0, -2.75],
      [2.07, 0, -5.49],
      [2.07, 0, -5.5],
      [1.6, 0, -5.5]
      ],
      []
      ],
    "objects": ["ff_g-25001"]
  },

  "47": {
    "road": [
      [
      [-2.43, 0, 2],
      [-2.43, 0, -0.31],
      [-2.43, 0, -0.32],
      [-2.73, 0, -0.32],
      [-2.74, 0, -0.32],
      [-2.74, 0, -1.99],
      [-2.74, 0, -2],
      [-2.74, 0, -2.74],
      [-2.74, 0, -2.75],
      [2.06, 0, -2.75],
      [2.07, 0, -2.75],
      [2.07, 0, -6.04],
      [2.07, 0, -6.05],
      [1.5, 0, -6.05]
      ],
      []
      ],
    "objects": ["ff_g-26001"]
  },

  "48": {
    "road": [
      [
      [-2.43, 0, 2],
      [-2.43, 0, -0.31],
      [-2.43, 0, -0.32],
      [-2.73, 0, -0.32],
      [-2.74, 0, -0.32],
      [-2.74, 0, -1.99],
      [-2.74, 0, -2],
      [-2.74, 0, -2.74],
      [-2.74, 0, -2.75],
      [2.06, 0, -2.75],
      [2.07, 0, -2.75],
      [2.07, 0, -5.79],
      [2.07, 0, -5.8],
      [3.07, 0, -5.8]
      ],
      []
      ],
    "objects": ["ff_g-27001"]
  },
















  "49": {
    "road": [
      [
      [-2.43, 0, 2.2],
      [-2.43, 0, 2.6],
      [-2.43, 0, 3],
      [-2.43, 0, 3.64],
      [-2.43, 0, 3.65],
      [-2.23, 0, 3.65]
      ],
      [
      [-1.5, 0, 3.6],
      [-2, 0, 3.6],
      [-2.5, 0, 3.6],
      [-3.1, 0, 3.6]
      ]
      ],
    "objects": ["ff_f-01001", "ff_f-02001"]
  },

  "50": {
    "road": [
      [
      [-2.43, 0, 2.2],
      [-2.43, 0, 2.6],
      [-2.43, 0, 3],
      [-2.43, 0, 3.64],
      [-2.43, 0, 3.65],
      [-2.23, 0, 3.65]
      ],
      [
      [-1.5, 0, 3.6],
      [-1.8, 0, 3.3],
      [-2.1, 0, 3],
      [-2.4, 0, 2.7],
      [-2.7, 0, 2.4],
      [-3, 0, 2.1],
      [-3.3, 0, 1.8],
      [-3.6, 0, 1.5]
      ]
      ],
    "objects": ["ff_f-04001", "ff_f-05001"]
  },

  "51": {
    "road": [
      [
      [-2.43, 0, 2.2],
      [-2.43, 0, 2.6],
      [-2.43, 0, 3],
      [-2.43, 0, 3.64],
      [-2.43, 0, 3.65],
      [-2.23, 0, 3.65]
      ],
      [
      [-1.5, 0, 3.6],
      [-1.8, 0, 3.3],
      [-2.1, 0, 3],
      [-2.4, 0, 2.7],
      [-2.69, 0, 2.41],
      [-2.7, 0, 2.4],
      [-2.7, 0, 0.51],
      [-2.7, 0, 0.5],
      [-4.19, 0, 0.5],
      [-4.2, 0, 0.5],
      [-4.2, 0, 1.2]
      ]
      ],
    "objects": ["ff_f-07001", "ff_f-08001"]
  },

  "52": {
    "road": [
      [
      [-2.43, 0, 2.2],
      [-2.43, 0, 2.6],
      [-2.43, 0, 3],
      [-2.43, 0, 3.64],
      [-2.43, 0, 3.65],
      [-2.23, 0, 3.65]
      ],
      [
      [-1.5, 0, 3.6],
      [-1.8, 0, 3.3],
      [-2.1, 0, 3],
      [-2.4, 0, 2.7],
      [-2.69, 0, 2.41],
      [-2.7, 0, 2.4],
      [-2.7, 0, 0.51],
      [-2.7, 0, 0.5],
      [-4.69, 0, 0.5],
      [-4.7, 0, 0.5],
      [-4.7, 0, 1.99],
      [-4.7, 0, 2],
      [-4.4, 0, 2]
      ]
      ],
    "objects": ["ff_f-09001"]
  },

  "53": {
    "road": [
      [
      [-2.43, 0, 2.2],
      [-2.43, 0, 2.6],
      [-2.43, 0, 3],
      [-2.43, 0, 3.64],
      [-2.43, 0, 3.65],
      [-2.23, 0, 3.65]
      ],
      [
      [-1.5, 0, 3.6],
      [-1.8, 0, 3.3],
      [-2.1, 0, 3],
      [-2.4, 0, 2.7],
      [-2.69, 0, 2.41],
      [-2.7, 0, 2.4],
      [-2.7, 0, 0.51],
      [-2.7, 0, 0.5],
      [-4.69, 0, 0.5],
      [-4.7, 0, 0.5],
      [-4.7, 0, 1.99],
      [-4.7, 0, 2],
      [-4.4, 0, 2.4]
      ]
      ],
    "objects": ["ff_f-10001"]
  },

  "54": {
    "road": [
      [
      [-2.43, 0, 2.2],
      [-2.43, 0, 2.6],
      [-2.43, 0, 3],
      [-2.43, 0, 3.64],
      [-2.43, 0, 3.65],
      [-2.23, 0, 3.65]
      ],
      [
      [-1.5, 0, 3.6],
      [-1.8, 0, 3.3],
      [-2.1, 0, 3],
      [-2.4, 0, 2.7],
      [-2.69, 0, 2.41],
      [-2.7, 0, 2.4],
      [-2.7, 0, 0.51],
      [-2.7, 0, 0.5],
      [-4.79, 0, 0.5],
      [-4.8, 0, 0.5],
      [-4.8, 0, 1.99],
      [-4.8, 0, 2.3]
      ]
      ],
    "objects": ["ff_f-11001"]
  },

  "55": {
    "road": [
      [
      [-2.43, 0, 2.2],
      [-2.43, 0, 2.6],
      [-2.43, 0, 3],
      [-2.43, 0, 3.64],
      [-2.43, 0, 3.65],
      [-2.23, 0, 3.65]
      ],
      [
      [-1.5, 0, 3.6],
      [-1.8, 0, 3.3],
      [-2.1, 0, 3],
      [-2.4, 0, 2.7],
      [-2.69, 0, 2.41],
      [-2.7, 0, 2.4]
      ]
      ],
    "objects": ["sf_sk_1001"]
  },

  "56": {
    "road": [
      [
      [-2.43, 0, 2.2],
      [-2.43, 0, 2.6],
      [-2.43, 0, 3],
      [-2.43, 0, 3.64],
      [-2.43, 0, 3.65],
      [-2.23, 0, 3.65]
      ],
      [
      [-2.7, 0, 4],
      [-2.8, 0, 3.8],
      [-2.9, 0, 3.6],
      [-3, 0, 3.4],
      [-3.1, 0, 3.2],
      [-3.2, 0, 3],
      [-3.3, 0, 2.8],
      [-3.4, 0, 2.6],
      [-3.4, 0, 2.2],
      [-3.4, 0, 1.8],
      [-3.4, 0, 1.4],
      [-3.4, 0, 1],
      [-3.4, 0, 0.39],
      [-3.4, 0, 0.4],
      [-4.6, 0, 0.4],
      [-5.49, 0, 0.4],
      [-5.5, 0, 0.4],
      [-5.5, 0, -1.2]
      ]
      ],
    "objects": ["ff_f-25001"]
  },

  "57": {
    "road": [
      [
      [-2.43, 0, 2.2],
      [-2.43, 0, 2.6],
      [-2.43, 0, 3],
      [-2.43, 0, 3.64],
      [-2.43, 0, 3.65],
      [-2.23, 0, 3.65]
      ],
      [
      [-2.7, 0, 4],
      [-2.8, 0, 3.8],
      [-2.9, 0, 3.6],
      [-3, 0, 3.4],
      [-3.1, 0, 3.2],
      [-3.2, 0, 3],
      [-3.3, 0, 2.8],
      [-3.4, 0, 2.6],
      [-3.4, 0, 2.2],
      [-3.4, 0, 1.8],
      [-3.4, 0, 1.4],
      [-3.4, 0, 1],
      [-3.4, 0, 0.39],
      [-3.4, 0, 0.4],
      [-4.6, 0, 0.4],
      [-5.81, 0, 0.4],
      [-5.82, 0, 0.4],
      [-5.82, 0, -1.2]
      ]
      ],
    "objects": ["ff_f-24001"]
  },

  "58": {
    "road": [
      [
      [-2.43, 0, 2.2],
      [-2.43, 0, 2.6],
      [-2.43, 0, 3],
      [-2.43, 0, 3.64],
      [-2.43, 0, 3.65],
      [-2.23, 0, 3.65]
      ],
      [
      [-2.7, 0, 4],
      [-2.6, 0, 3.8],
      [-2.5, 0, 3.6],
      [-2.4, 0, 3.4],
      [-2.3, 0, 3.2],
      [-2.2, 0, 3],
      [-2.1, 0, 2.8],
      [-2, 0, 2.6]
      ]
      ],
    "objects": ["ff_f-66001"]
  },

  "59": {
    "road": [
      [
      [-2.43, 0, 2.2],
      [-2.43, 0, 2.6],
      [-2.43, 0, 3],
      [-2.43, 0, 3.64],
      [-2.43, 0, 3.65],
      [-2.23, 0, 3.65]
      ],
      [
      [-2.7, 0, 4],
      [-2.5, 0, 3.8],
      [-2.3, 0, 3.6],
      [-2.1, 0, 3.4],
      [-1.9, 0, 3.2],
      [-1.7, 0, 3],
      [-1.5, 0, 2.8],
      [-1.3, 0, 2.6]
      ]
      ],
    "objects": ["ff_f-65001"]
  },

  "60": {
    "road": [
      [
      [-2.43, 0, 2.2],
      [-2.43, 0, 2.6],
      [-2.43, 0, 3],
      [-2.43, 0, 3.64],
      [-2.43, 0, 3.65],
      [-2.23, 0, 3.65]
      ],
      [
      [-2.7, 0, 4],
      [-2.3, 0, 3.8],
      [-1.9, 0, 3.6],
      [-1.5, 0, 3.4],
      [-1.1, 0, 3.2],
      [-0.7, 0, 3]
      ]
      ],
    "objects": ["ff_f-64001"]
  },

  "61": {
    "road": [
      [
      [-2.43, 0, 2.2],
      [-2.43, 0, 2.6],
      [-2.43, 0, 3],
      [-2.43, 0, 3.64],
      [-2.43, 0, 3.65],
      [-2.23, 0, 3.65]
      ],
      [
      [-2.7, 0, 4],
      [-2.7, 0, 3.59],
      [-2.7, 0, 3.6],
      [-0.1, 0, 3.6],
      [0, 0, 3.6],
      [0, 0, 3.2]
      ]
      ],
    "objects": ["ff_f-63001"]
  },

  "62": {
    "road": [
      [
      [-2.43, 0, 2.2],
      [-2.43, 0, 2.6],
      [-2.43, 0, 3],
      [-2.43, 0, 3.64],
      [-2.43, 0, 3.65],
      [-2.23, 0, 3.65]
      ],
      [
      [-2.7, 0, 4],
      [-2.7, 0, 3.59],
      [-2.7, 0, 3.6],
      [0, 0, 3.6],
      [0.89, 0, 3.6],
      [0.9, 0, 3.6],
      [0.9, 0, 3.2]
      ]
      ],
    "objects": ["ff_f-61001", "ff_f-62001"]
  },

  "63": {
    "road": [
      [
      [-2.43, 0, 2.2],
      [-2.43, 0, 2.6],
      [-2.43, 0, 3],
      [-2.43, 0, 3.64],
      [-2.43, 0, 3.65],
      [-2.23, 0, 3.65]
      ],
      [
      [-2.7, 0, 4],
      [-2.7, 0, 3.59],
      [-2.7, 0, 3.6],
      [0, 0, 3.6],
      [0.8, 0, 3.6],
      [1.9, 0, 3.6]
      ]
      ],
    "objects": ["ff_f-59001"]
  },

  "64": {
    "road": [
      [
      [-2.43, 0, 2.2],
      [-2.43, 0, 2.6],
      [-2.43, 0, 3],
      [-2.43, 0, 3.64],
      [-2.43, 0, 3.65],
      [-2.23, 0, 3.65]
      ],
      [
      [-2.7, 0, 4],
      [-2.7, 0, 3.59],
      [-2.7, 0, 3.6],
      [0, 0, 3.6],
      [1.49, 0, 3.6],
      [1.5, 0, 3.6],
      [1.7, 0, 3.4],
      [1.9, 0, 3.2],
      [2.1, 0, 3],
      [2.3, 0, 2.8],
      [2.49, 0, 2.6],
      [2.5, 0, 2.6],
      [2.9, 0, 2.6]
      ]
      ],
    "objects": ["ff_f-56-57-58001"]
  },

  "65": {
    "road": [
      [
      [-2.43, 0, 2.2],
      [-2.43, 0, 2.6],
      [-2.43, 0, 3],
      [-2.43, 0, 3.64],
      [-2.43, 0, 3.65],
      [-2.23, 0, 3.65]
      ],
      [
      [-2.7, 0, 4],
      [-2.7, 0, 3.59],
      [-2.7, 0, 3.6],
      [0, 0, 3.6],
      [1.49, 0, 3.6],
      [1.5, 0, 3.6],
      [1.7, 0, 3.4],
      [1.9, 0, 3.2],
      [2.1, 0, 3],
      [2.3, 0, 2.8],
      [2.5, 0, 2.6],
      [2.7, 0, 2.4],
      [2.9, 0, 2.2],
      [3.1, 0, 2],
      [3.3, 0, 1.8],
      [3.5, 0, 1.6]
      ]
      ],
    "objects": ["sf_sk_7001"]
  },

  "66": {
    "road": [
      [
      [-2.43, 0, 2.2],
      [-2.43, 0, 2.6],
      [-2.43, 0, 3],
      [-2.43, 0, 3.64],
      [-2.43, 0, 3.65],
      [-2.23, 0, 3.65]
      ],
      [
      [-2.7, 0, 4],
      [-2.7, 0, 3.59],
      [-2.7, 0, 3.6],
      [0, 0, 3.6],
      [1.49, 0, 3.6],
      [1.5, 0, 3.6],
      [1.7, 0, 3.4],
      [1.9, 0, 3.2],
      [2.1, 0, 3],
      [2.3, 0, 2.8],
      [2.5, 0, 2.6],
      [2.7, 0, 2.4],
      [2.79, 0, 2.31],
      [2.8, 0, 2.3],
      [2.8, 0, 1.1],
      [2.8, 0, 0.09],
      [2.8, 0, 0],
      [2.5, 0, 0]
      ]
      ],
    "objects": ["ff_f-82001", "ff_f-83001", "ff_f-84001", "ff_f-85001", "ff_f-86001"]
  },

  "67": {
    "road": [
      [
      [-2.43, 0, 2.2],
      [-2.43, 0, 2.6],
      [-2.43, 0, 3],
      [-2.43, 0, 3.64],
      [-2.43, 0, 3.65],
      [-2.23, 0, 3.65]
      ],
      [
      [-2.7, 0, 4],
      [-2.7, 0, 3.59],
      [-2.7, 0, 3.6],
      [0, 0, 3.6],
      [1.49, 0, 3.6],
      [1.5, 0, 3.6],
      [1.7, 0, 3.4],
      [1.9, 0, 3.2],
      [2.1, 0, 3],
      [2.3, 0, 2.8],
      [2.5, 0, 2.6],
      [2.7, 0, 2.4],
      [2.79, 0, 2.31],
      [2.8, 0, 2.3],
      [2.8, 0, 1.1],
      [2.8, 0, 0],
      [2.8, 0, -0.89],
      [2.8, 0, -0.9],
      [3.09, 0, -0.9],
      [3.1, 0, -0.9],
      [3.1, 0, -1.2]
      ]
      ],
    "objects": ["sf_sk_5001"]
  },

  "68": {
    "road": [
      [
      [-2.43, 0, 2.2],
      [-2.43, 0, 2.6],
      [-2.43, 0, 3],
      [-2.43, 0, 3.64],
      [-2.43, 0, 3.65],
      [-2.23, 0, 3.65]
      ],
      [
      [-2.7, 0, 4],
      [-2.7, 0, 3.59],
      [-2.7, 0, 3.6],
      [0, 0, 3.6],
      [1.49, 0, 3.6],
      [1.5, 0, 3.6],
      [1.7, 0, 3.4],
      [1.9, 0, 3.2],
      [2.1, 0, 3],
      [2.3, 0, 2.8],
      [2.5, 0, 2.6],
      [2.7, 0, 2.4],
      [2.79, 0, 2.31],
      [2.8, 0, 2.3],
      [2.8, 0, 1.1],
      [2.8, 0, 0],
      [2.8, 0, -0.89],
      [2.8, 0, -0.9],
      [3.84, 0, -0.9],
      [3.85, 0, -0.9],
      [3.85, 0, -1.2]
      ]
      ],
    "objects": ["sf_sk_6001"]
  },

  "69": {
    "road": [
      [
      [-2.43, 0, 2.2],
      [-2.43, 0, 2.6],
      [-2.43, 0, 3],
      [-2.43, 0, 3.64],
      [-2.43, 0, 3.65],
      [-2.23, 0, 3.65]
      ],
      [
      [-2.7, 0, 4],
      [-2.8, 0, 3.8],
      [-2.9, 0, 3.6],
      [-3, 0, 3.4],
      [-3.1, 0, 3.2],
      [-3.2, 0, 3],
      [-3.3, 0, 2.8],
      [-3.4, 0, 2.6],
      [-3.4, 0, 2.2],
      [-3.4, 0, 1.8],
      [-3.4, 0, 1.4],
      [-3.4, 0, 1.01],
      [-3.4, 0, 1],
      [-2.6, 0, 1]
      ]
      ],
    "objects": ["ff_f-67001"]
  },

  "70": {
    "road": [
      [
      [-2.43, 0, 2.2],
      [-2.43, 0, 2.6],
      [-2.43, 0, 3],
      [-2.43, 0, 3.64],
      [-2.43, 0, 3.65],
      [-2.23, 0, 3.65]
      ],
      [
      [-2.7, 0, 4],
      [-2.8, 0, 3.8],
      [-2.9, 0, 3.6],
      [-3, 0, 3.4],
      [-3.1, 0, 3.2],
      [-3.2, 0, 3],
      [-3.3, 0, 2.8],
      [-3.4, 0, 2.6],
      [-3.4, 0, 2.2],
      [-3.4, 0, 1.8],
      [-3.4, 0, 1.4],
      [-3.4, 0, 1],
      [-3.4, 0, 0],
      [-3.4, 0, -0.99],
      [-3.4, 0, -1],
      [-2.6, 0, -1]
      ]
      ],
    "objects": ["ff_f-68001", "ff_f-69001", "ff_f-70001"]
  },

  "71": {
    "road": [
      [
      [-2.43, 0, 2.2],
      [-2.43, 0, 2.6],
      [-2.43, 0, 3],
      [-2.43, 0, 3.64],
      [-2.43, 0, 3.65],
      [-2.23, 0, 3.65]
      ],
      [
      [-2.7, 0, 4],
      [-2.73, 0, 3.8],
      [-2.76, 0, 3.6],
      [-2.79, 0, 3.4],
      [-2.82, 0, 3.2],
      [-2.85, 0, 3],
      [-2.88, 0, 2.8],
      [-2.88, 0, 0],
      [-2.88, 0, -2.29],
      [-2.88, 0, -2.3],
      [-2.68, 0, -2.5],
      [-2.48, 0, -2.7]
      ]
      ],
    "objects": ["ff_f-71001"]
  },

  "72": {
    "road": [
      [
      [-2.43, 0, 2.2],
      [-2.43, 0, 2.6],
      [-2.43, 0, 3],
      [-2.43, 0, 3.64],
      [-2.43, 0, 3.65],
      [-2.23, 0, 3.65]
      ],
      [
      [-2.7, 0, 4],
      [-2.73, 0, 3.8],
      [-2.76, 0, 3.6],
      [-2.79, 0, 3.4],
      [-2.82, 0, 3.2],
      [-2.85, 0, 3],
      [-2.88, 0, 2.8],
      [-2.88, 0, 0],
      [-2.88, 0, -2.84],
      [-2.88, 0, -2.85],
      [-2.68, 0, -3.05],
      [-2.48, 0, -3.25]
      ]
      ],
    "objects": ["ff_f-72001"]
  },

  "73": {
    "road": [
      [
      [-2.43, 0, 2.2],
      [-2.43, 0, 2.6],
      [-2.43, 0, 3],
      [-2.43, 0, 3.64],
      [-2.43, 0, 3.65],
      [-2.23, 0, 3.65]
      ],
      [
      [-2.7, 0, 4],
      [-2.73, 0, 3.8],
      [-2.76, 0, 3.6],
      [-2.79, 0, 3.4],
      [-2.82, 0, 3.2],
      [-2.85, 0, 3],
      [-2.88, 0, 2.8],
      [-2.88, 0, 0],
      [-2.88, 0, -3.59],
      [-2.88, 0, -3.6],
      [-2.68, 0, -3.8],
      [-2.48, 0, -4]
      ]
      ],
    "objects": ["ff_f-73001"]
  },

  "74": {
    "road": [
    [
      [-2.8, 0, 2.3],
      [-2.8, 0, -0.59],
      [-2.8, 0, -0.6],
      [-2.54, 0, -0.6],
      [-2.55, 0, -0.6],
      [-2.55, 0, -3.63],
      [-2.55, 0, -3.64],
      [-1.55, 0, -3.64],
      [-1, 0, -3.64],
      [-0.75, 0, -3.64]
      ],
      [
      [-1, 0, -4.75],
      [-1.79, 0, -4.75],
      [-1.8, 0, -4.75],
      [-1.8, 0, -4.49],
      [-1.8, 0, -4.5],
      [-4.1, 0, -4.5]
      ]
      ],
    "objects": ["ff_f-31001", "ff_f-32001", "ff_f-33001"]
  },

  "75": {
    "road": [
      [
      [-2.8, 0, 2.3],
      [-2.8, 0, -0.59],
      [-2.8, 0, -0.6],
      [-2.54, 0, -0.6],
      [-2.55, 0, -0.6],
      [-2.55, 0, -3.63],
      [-2.55, 0, -3.64],
      [-1.55, 0, -3.64],
      [-1, 0, -3.64],
      [-0.75, 0, -3.64]
      ],
        [
      [-1, 0, -4.75],
      [-1.79, 0, -4.75],
      [-1.8, 0, -4.75],
      [-1.8, 0, -4.49],
      [-1.8, 0, -4.5],
      [-3.59, 0, -4.5],
      [-3.6, 0, -4.5],
      [-3.7, 0, -4.7],
      [-3.8, 0, -4.9],
      [-3.9, 0, -5.1],
      [-4, 0, -5.3],
      [-4.14, 0, -5.49],
      [-4.15, 0, -5.5],
      [-5.3, 0, -5.5]
        ]
      ],
    "objects": ["ff_f-40001"]
  },

  "76": {
    "road": [
      [
        [-2.8, 0, 2.3],
        [-2.8, 0, -0.59],
        [-2.8, 0, -0.6],
        [-2.54, 0, -0.6],
        [-2.55, 0, -0.6],
        [-2.55, 0, -3.63],
        [-2.55, 0, -3.64],
        [-1.55, 0, -3.64],
        [-1, 0, -3.64],
        [-0.75, 0, -3.64]
        ],
        [
      [-1, 0, -4.75],
      [-1.79, 0, -4.75],
      [-1.8, 0, -4.75],
      [-1.8, 0, -4.94],
      [-1.8, 0, -4.95],
      [-3.09, 0, -4.95],
      [-3.1, 0, -4.95],
      [-3.1, 0, -5.3]
        ]
      ],
    "objects": ["ff_f-35001", "ff_f-36001", "ff_f-37001"]
  },

  "77": {
    "road": [
      [
        [-2.8, 0, 2.3],
        [-2.8, 0, -0.59],
        [-2.8, 0, -0.6],
        [-2.54, 0, -0.6],
        [-2.55, 0, -0.6],
        [-2.55, 0, -3.63],
        [-2.55, 0, -3.64],
        [-1.55, 0, -3.64],
        [-1, 0, -3.64],
        [-0.75, 0, -3.64]
        ],
        [
      [-1, 0, -4.75],
      [-1.79, 0, -4.75],
      [-1.8, 0, -4.75],
      [-1.8, 0, -4.94],
      [-1.8, 0, -4.95],
      [-2.09, 0, -4.95],
      [-2.1, 0, -4.95],
      [-2.1, 0, -5.3]
        ]
      ],
    "objects": ["ff_f-38001"]
  },

  "78": {
    "road": [
      [
        [-2.8, 0, 2.3],
        [-2.8, 0, -0.59],
        [-2.8, 0, -0.6],
        [-2.54, 0, -0.6],
        [-2.55, 0, -0.6],
        [-2.55, 0, -3.63],
        [-2.55, 0, -3.64],
        [-1.55, 0, -3.64],
        [-1, 0, -3.64],
        [-0.75, 0, -3.64]
        ],
        [
      [-1, 0, -4.75],
      [-1.29, 0, -4.75],
      [-1.3, 0, -4.75],
      [-1.3, 0, -5.2]
        ]
      ],
    "objects": ["ff_f-39001"]
  },

  "79": {
    "road": [
      [
        [-2.8, 0, 2.3],
        [-2.8, 0, -0.59],
        [-2.8, 0, -0.6],
        [-2.54, 0, -0.6],
        [-2.55, 0, -0.6],
        [-2.55, 0, -3.63],
        [-2.55, 0, -3.64],
        [-1.55, 0, -3.64],
        [-1, 0, -3.64],
        [-0.75, 0, -3.64]
        ],
        [
      [-1, 0, -4.75],
      [-1.29, 0, -4.75],
      [-1.3, 0, -4.75],
      [-1.3, 0, -4.99],
      [-1.3, 0, -5],
      [0.79, 0, -5],
      [0.8, 0, -5],
      [0.8, 0, -4.8]
        ]
      ],
    "objects": ["sf_sk_3001"]
  },

  "80": {
    "road": [
      [
        [-2.8, 0, 2.3],
        [-2.8, 0, -0.59],
        [-2.8, 0, -0.6],
        [-2.54, 0, -0.6],
        [-2.55, 0, -0.6],
        [-2.55, 0, -3.63],
        [-2.55, 0, -3.64],
        [-1.55, 0, -3.64],
        [-1, 0, -3.64],
        [-0.75, 0, -3.64]
        ],
        [
      [-1, 0, -4.75],
      [-1.29, 0, -4.75],
      [-1.3, 0, -4.75],
      [-1.3, 0, -4.99],
      [-1.3, 0, -5],
      [1.29, 0, -5],
      [1.3, 0, -5],
      [1.3, 0, -4.8]
        ]
      ],
    "objects": ["sf_sk_4001"]
  },

  "81": {
    "road": [
      [
        [-2.8, 0, 2.3],
        [-2.8, 0, -0.59],
        [-2.8, 0, -0.6],
        [-2.54, 0, -0.6],
        [-2.55, 0, -0.6],
        [-2.55, 0, -3.63],
        [-2.55, 0, -3.64],
        [-1.55, 0, -3.64],
        [-1, 0, -3.64],
        [-0.75, 0, -3.64]
        ],
        [
      [-1, 0, -4.75],
      [-1.29, 0, -4.75],
      [-1.3, 0, -4.75],
      [-1.3, 0, -4.25]
        ]
      ],
    "objects": ["ff_f-74001", "ff_f-75001", "ff_f-76001", "ff_f-77001"]
  },

  "82": {
    "road": [
      [
        [-2.8, 0, 2.3],
        [-2.8, 0, -0.59],
        [-2.8, 0, -0.6],
        [-2.54, 0, -0.6],
        [-2.55, 0, -0.6],
        [-2.55, 0, -3.63],
        [-2.55, 0, -3.64],
        [-1.55, 0, -3.64],
        [-1, 0, -3.64],
        [-0.75, 0, -3.64]
        ],
        [
      [-1, 0, -4.75],
      [-1.29, 0, -4.75],
      [-1.3, 0, -4.75],
      [-1.3, 0, -4.99],
      [-1.3, 0, -5],
      [2.49, 0, -5],
      [2.5, 0, -5],
      [2.5, 0, -5.2]
        ]
      ],
    "objects": ["ff_f-43-51001"]
  },

  "83": {
    "road": [
      [
        [-2.8, 0, 2.3],
        [-2.8, 0, -0.59],
        [-2.8, 0, -0.6],
        [-2.54, 0, -0.6],
        [-2.55, 0, -0.6],
        [-2.55, 0, -3.63],
        [-2.55, 0, -3.64],
        [-1.55, 0, -3.64],
        [-1, 0, -3.64],
        [-0.75, 0, -3.64]
        ],
        [
      [-1, 0, -4.75],
      [-1.29, 0, -4.75],
      [-1.3, 0, -4.75],
      [-1.3, 0, -4.99],
      [-1.3, 0, -5],
      [3.6, 0, -5]
        ]
      ],
    "objects": ["ff_f-52001"]
  },

  "84": {
    "road": [
      [
        [-2.8, 0, 2.3],
        [-2.8, 0, -0.59],
        [-2.8, 0, -0.6],
        [-2.54, 0, -0.6],
        [-2.55, 0, -0.6],
        [-2.55, 0, -3.63],
        [-2.55, 0, -3.64],
        [-1.55, 0, -3.64],
        [-1, 0, -3.64],
        [-0.75, 0, -3.64]
        ],
        [
      [-1, 0, -4.75],
      [-1.29, 0, -4.75],
      [-1.3, 0, -4.75],
      [-1.3, 0, -4.44],
      [-1.3, 0, -4.45],
      [1.49, 0, -4.45],
      [1.5, 0, -4.45],
      [1.5, 0, -4.25]
        ]
      ],
    "objects": ["ff_f-78001"]
  },

  "85": {
    "road": [
      [
        [-2.8, 0, 2.3],
        [-2.8, 0, -0.59],
        [-2.8, 0, -0.6],
        [-2.54, 0, -0.6],
        [-2.55, 0, -0.6],
        [-2.55, 0, -3.63],
        [-2.55, 0, -3.64],
        [-1.55, 0, -3.64],
        [-1, 0, -3.64],
        [-0.75, 0, -3.64]
        ],
        [
      [-1, 0, -4.75],
      [-1.29, 0, -4.75],
      [-1.3, 0, -4.75],
      [-1.3, 0, -4.44],
      [-1.3, 0, -4.45],
      [2.19, 0, -4.45],
      [2.2, 0, -4.45],
      [2.2, 0, -4.25]
        ]
      ],
    "objects": ["ff_f-79001"]
  },

  "86": {
    "road": [
      [
        [-2.8, 0, 2.3],
        [-2.8, 0, -0.59],
        [-2.8, 0, -0.6],
        [-2.54, 0, -0.6],
        [-2.55, 0, -0.6],
        [-2.55, 0, -3.63],
        [-2.55, 0, -3.64],
        [-1.55, 0, -3.64],
        [-1, 0, -3.64],
        [-0.75, 0, -3.64]
        ],
        [
      [-1, 0, -4.75],
      [-1.29, 0, -4.75],
      [-1.3, 0, -4.75],
      [-1.3, 0, -4.44],
      [-1.3, 0, -4.45],
      [2.99, 0, -4.45],
      [3, 0, -4.45],
      [3, 0, -2.49],
      [3, 0, -2.5],
      [2.5, 0, -2.5]
        ]
      ],
    "objects": ["ff_f-81001"]
  },

  "87": {
    "road": [
      [
        [-2.8, 0, 2.3],
        [-2.8, 0, -0.59],
        [-2.8, 0, -0.6],
        [-2.54, 0, -0.6],
        [-2.55, 0, -0.6],
        [-2.55, 0, -3.63],
        [-2.55, 0, -3.64],
        [-1.55, 0, -3.64],
        [-1, 0, -3.64],
        [-0.75, 0, -3.64]
        ],
        [
      [-1, 0, -4.75],
      [-1.29, 0, -4.75],
      [-1.3, 0, -4.75],
      [-1.3, 0, -4.44],
      [-1.3, 0, -4.45],
      [2.99, 0, -4.45],
      [3, 0, -4.45],
      [3, 0, -3.19],
      [3, 0, -3.2],
      [3.5, 0, -3.2]
        ]
      ],
    "objects": ["ff_f-53001", "ff_f-54001"]
  },

  "88": {
    "road": [
      [
        [-2.8, 0, 2.3],
        [-2.8, 0, -0.59],
        [-2.8, 0, -0.6],
        [-2.54, 0, -0.6],
        [-2.55, 0, -0.6],
        [-2.55, 0, -3.63],
        [-2.55, 0, -3.64],
        [-1.55, 0, -3.64],
        [-1, 0, -3.64],
        [-0.75, 0, -3.64]
        ],
        [
      [-1, 0, -4.75],
      [-1.29, 0, -4.75],
      [-1.3, 0, -4.75],
      [-1.3, 0, -4.44],
      [-1.3, 0, -4.45],
      [2.99, 0, -4.45],
      [3, 0, -4.45],
      [3, 0, -2.39],
      [3, 0, -2.4],
      [3.5, 0, -2.4]
        ]
      ],
    "objects": ["ff_f-55001"]
  }

}



