{
  "45": {
    "floor": 1,
    "position": [-0.67, 0.07, -0.58]
    },
  
  "44": {
    "floor": 1,
    "position": [-0.67, 0.07,-0.48]
  },

  "43": {
    "floor": 1,
    "position": [-0.67,0.07,-0.39]
  },

  "42": {
    "floor": 1,
    "position": [-0.67, 0.07,-0.2]
  },

  "41": {
    "floor": 1,
    "position": [-0.05, 0.07,1.05]
  },

  "40": {
    "floor": 1,
    "position": [0.31, 0.07,0.88]
  },

  "39": {
    "floor": 1,
    "position": [0.67, 0.07,0.36]
  },

  "38": {
    "floor": 1,
    "position": [0.67, 0.07,0.04]
  },

  "37": {
    "floor": 1,
    "position": [0.67, 0.07,-0.4]
  },

  "36": {
    "floor": 1,
    "position": [0.65, 0.07,-0.51]
  },

  "35": {
    "floor": 1,
    "position": [0.66, 0.07,-0.64]
  },

  "34": {
    "floor": 1,
    "position": [0.09, 0.07,-0.86]
  },

  "33": {
    "floor": 1,
    "position": [0.44, 0.07,-0.86]
  },

  "32": {
    "floor": 1,
    "position": [0.7, 0.07,-0.95]
  },

  "31": {
    "floor": 1,
    "position": [0.7, 0.07,-1.055]
  },

  "30": {
    "floor": 1,
    "position": [0.36, 0.07,-0.55]
  },

  "29": {
    "floor": 1,
    "position": [0.36, 0.07,-0.4]
  },

  "28": {
    "floor": 1,
    "position": [0.36, 0.07,-0.3]
  },

  "27": {
    "floor": 1,
    "position": [-0.073, 0.07, -0.47]
  },

  "25": {
    "floor": 1,
    "position": [-0.45, 0.07,-0.46]
  },

  "24": {
    "floor": 1,
    "position": [-0.29, 0.07, 0]
  },

  "23": {
    "floor": 1,
    "position": [0.3, 0.07,0.07]
  },

  "22": {
    "floor": 1,
    "position": [-0.45, 0.07,0.38],
    "obj": ["ff_g-45001"]
  },

  "21": {
    "floor": 1,
    "position": [-1, 0.07,0.3]
  },

  "19": {
    "floor": 1,
    "position": [-1.21, 0.07,0.58]
  },

  "18": {
    "floor": 1,
    "position": [-1.7, 0.07,0.58]
  },

  "17": {
    "floor": 1,
    "position": [-1.46, 0.07,0.9]
  },

  "16": {
    "floor": 1,
    "position": [-1.78, 0.07,0.96]
  },

  "15": {
    "floor": 1,
    "position": [-1.1, 0.07,1.06]
  },

  "14": {
    "floor": 1,
    "position": [1.25, 0.07, 0.58]
  },

  "13": {
    "floor": 1,
    "position": [0.9, 0.07,-0.42]
  },

  "12": {
    "floor": 1,
    "position": [0.9, 0.07,-0.57]
  },

  "11": {
    "floor": 1,
    "position": [1, 0.07,-1.6]
  },

  "10": {
    "floor": 1,
    "position": [0.43, 0.07,-1.73]
  },

  "9": {
    "floor": 1,
    "position": [0.43, 0.07,-1.6]
  },

  "8": {
    "floor": 1,
    "position": [0.27, 0.07, -1.16]
  },

  "7": {
    "floor": 1,
    "position": [0.04, 0.07,-1.135]
  },

  "6": {
    "floor": 1,
    "position": [-0.65, 0.07, -1.21]
  },

  "5": {
    "floor": 1,
    "position": [-1, 0.07,-1.15]
  },
  
  "4": {
    "floor": 1,
    "position": [-1.035, 0.07,-0.85]
  },

  "3": {
    "floor": 1,
    "position": [-1.33, 0.07,-0.74]
  },

  "2": {
    "floor": 1,
    "position": [-1.07, 0.07,-0.14]
  },

  "1": {
    "floor": 1,
    "position": [-1.55, 0.07, -0.02]
  },

  "46": {
    "floor": 2,
    "position": [-0.1, 0.07, -0.63]
  },

  "47": {
    "floor": 2,
    "position": [1.2, 0.07, 0.4]
  },

  "48": {
    "floor": 2,
    "position": [0.52, 0.07,1]
  },

  "49": {
    "floor": 2,
    "position": [-1.1, 0.07, 1.05]
  },

  "50": {
    "floor": 2,
    "position": [-1.36, 0.07,0.76]
  },

  "51": {
    "floor": 2,
    "position": [-1.26, 0.07,0.71]
  },

  "52": {
    "floor": 2,
    "position": [-1.21, 0.07,0.6]
  },

  "53": {
    "floor": 2,
    "position": [-1.2, 0.07,0.44]
  },

  "54": {
    "floor": 2,
    "position": [-1.03, 0.07,0.52]
  },

  "55": {
    "floor": 2,
    "position": [-1.36, 0.07,-0.45]
  },

  "56": {
    "floor": 2,
    "position": [-1.28, 0.07,-0.4]
  },

  "57": {
    "floor": 2,
    "position": [-1.2, 0.07, -1]
  },

  "58": {
    "floor": 2,
    "position": [-1.2, 0.07, -1.4]
  },

  "59": {
    "floor": 2,
    "position": [-0.9, 0.07, -1.7]
  },

  "60": {
    "floor": 2,
    "position": [-0.405, 0.07,-1.4]
  },

  "61": {
    "floor": 2,
    "position": [-0.22, 0.07,-1.4]
  },

  "62": {
    "floor": 2,
    "position": [0.65, 0.07, -1.7]
  },

  "63": {
    "floor": 2,
    "position": [1.1, 0.07,-1.23]
  },

  "64": {
    "floor": 2,
    "position": [0.88, 0.07, -0.66]
  },

  "65": {
    "floor": 2,
    "position": [0.71, 0.07,-0.48]
  },

  "66": {
    "floor": 2,
    "position": [-0.45, 0.07,-0.8]
  },

  "67": {
    "floor": 2,
    "position": [-0.45, 0.07,-0.65]
  },

  "68": {
    "floor": 2,
    "position": [-0.45, 0.07,-0.54]
  },

  "69": {
    "floor": 2,
    "position": [0.32, 0.07, -0.74]
  },

  "70": {
    "floor": 2,
    "position": [0.46, 0.07,-0.8]
  },

  "71": {
    "floor": 2,
    "position": [0.38, 0.07,-0.54]
  },

  "72": {
    "floor": 2,
    "position": [-0.29, 0.07, -0.2]
  },

  "73": {
    "floor": 2,
    "position": [0.28, 0.07, -0.1]
  },

  "74": {
    "floor": 2,
    "position": [-0.45, 0.07,0.23]
  },

  "75": {
    "floor": 2,
    "position": [-0.45, 0.07,0.48]
  },

  "76": {
    "floor": 2,
    "position": [-0.3, 0.07,0.51]
  },

  "77": {
    "floor": 2,
    "position": [-0.15, 0.07,0.53]
  },

  "78": {
    "floor": 2,
    "position": [-0.015, 0.07,0.65]
  },

  "79": {
    "floor": 2,
    "position": [0.15, 0.07, 0.53]
  },

  "80": {
    "floor": 2,
    "position": [-0.44, 0.07,-1.01]
  },

  "81": {
    "floor": 2,
    "position": [0.16, 0.07,-1.02]
  },

  "82": {
    "floor": 2,
    "position": [0.27, 0.07,-1]
  },

  "83": {
    "floor": 2,
    "position": [0.63, 0.07,-0.27]
  },

  "84": {
    "floor": 2,
    "position": [0.77, 0.07,-0.27]
  },

  "85": {
    "floor": 2,
    "position": [0.66, 0.07,0.33]
  },

  "86": {
    "floor": 2,
    "position": [-0.75, 0.07,-0.03]
  }
}